{"jsonobject":{"integer_name":7,"nameStartsWith_egigchaei_nameEndWith":-486647749234167907},"integer_name":4,"jsonarray":[5,7.760849040664376,"_prefix__cbvkxdvyvkesoemlavhsogjeyrrkjdd__suffix_",-5160441373489299202,8,10.124786273080543,"_prefix__flkgtcqcxlbkkayfdqqhhageiupjerdchkuqkbia__suffix_",-3178556377085453888,8,4.224629352267247,"_prefix__usrhmliemiwlbzaaqweeerazbaakepckukyksksqurlsdtglljtkylrrmhlvkpogvqkcxopqb__suffix_",5621479485368417140],"nameStartsWith_edbcc_nameEndWith":-2065047020589696106,"nameStartsWith__nameEndWith":"_prefix__ljqjkhrcpjihjpjhakbfui__suffix_"}
{"jsonobject":{"integer_name":10,"nameStartsWith_cba_nameEndWith":-3529424120621013566,"nameStartsWith_ba_nameEndWith":"_prefix__aqsiddyfqdqimiubihqbiofjmjdwxjhieusvaxmoydsdkxwkubjefbgvdvjuoigmw__suffix_"},"nameStartsWith_ccb_nameEndWith":"_prefix__zfsvmgecchtvrwschlrqmqhlddlcsfbqulfkaceqhtfgaf__suffix_","integer_name":7,"jsonarray":[9,1.028818478744237,"_prefix__xkkrjxcwkxqvdlbzorhmepildqhftvxafwqyfmsqajsapuubqkzbzlesdymxmcpvuujskrvurrgmxocbyfsmaifctaytayivtbo__suffix_",-4558241325444235224,5,7.05619099842591,"_prefix__jedoialhgpyhelqkqjwpqzepzv__suffix_",-2735067439299910934,1,1.6522422002271329,"_prefix__xhxmqqqcoccwbdcmgsrywbvolcwyxwlmmilzzoojfccglpseepcgtzqzqmvjtzzloqgsugksdxgoqulvb__suffix_",-5046497073386413598],"nameStartsWith__nameEndWith":2038530415116667117}
{"jsonobject":{"integer_name":5,"nameStartsWith_a_nameEndWith":-2493420339246019872,"double_name":2.835830696553584},"integer_name":3,"jsonarray":[4,10.078716463879386,"_prefix__bxcicgfpkhtmumhsewlymrdzqztcdwwggxwqtgesgezgilefcjhhhmphbuwlbptmkahhcdrmixqludtocuphdcyffecgx__suffix_",7223538090648472436,10,2.2074588994643944,"_prefix__eadcbc__suffix_",5121117878566790731,10,6.0624310669300305,"_prefix__rmgadqftkyuhrdqfxgjyvpxieakdeglaffbqbzhopsyjfeoywwlabubgz__suffix_",264425508251267944],"nameStartsWith_ccedbe_nameEndWith":5977931938814904901}
{"jsonobject":{"integer_name":3,"nameStartsWith_ddddad_nameEndWith":310247793506423204,"nameStartsWith_ba_nameEndWith":"_prefix__kebqekgoocpiwdelbdqjqouoxafhfevryaisogik__suffix_"},"integer_name":5,"jsonarray":[7,5.182922075646729,"_prefix__zjismhggvfrdshihmlwpffbtfgqacikitxa__suffix_",131679782703572026,4,10.594632069549208,"_prefix__kmhbceikbiojegc__suffix_",-7161163138892909523,2,2.594260815520575,"_prefix__abda__suffix_",-3759928556251916340],"nameStartsWith_aa_nameEndWith":-610507901093522704,"double_name":0.30430183522660303,"nameStartsWith_bcb_nameEndWith":"_prefix__wpihqjvxpbbcwkokohjguhbyadgmqdfjibibzrac__suffix_"}
{"jsonobject":{"integer_name":1,"nameStartsWith_cdad_nameEndWith":"_prefix__fxoludbpmvdtkgbtuumcdwoltaxjbhamcyartxoxodacckathbgdbdkugbqkeexzsviodyhbsmhstaf__suffix_","nameStartsWith_aa_nameEndWith":-7830563794285261305,"double_name":7.114848575883771},"integer_name":10,"jsonarray":[6,8.172125124443191,"_prefix__mtlegsagmajdxtjmiidxmuggzfqbyerdvcvmm__suffix_",9068294496113978714,5,0.021866373481701062,"_prefix__ggyzibuasijdhrvtqqfqqwzuivutcssdtkzruklvjmsowrkakplmhipptorbmhltvreqktcwffzvasovwhtptmyfxafgxjel__suffix_",-1510599311387119884,1,5.1708866788066885,"_prefix__caa__suffix_",3534510025964858014],"nameStartsWith_fefgcdghd_nameEndWith":"_prefix__sztlbtkaxkbikmqsjktxiuslbgowyrxehidykuwtcmolfsheecsekyigsougxpezeypdp__suffix_","double_name":6.212887901957672,"nameStartsWith_ddeac_nameEndWith":-9112224214151652224}
{"jsonobject":{"integer_name":9,"nameStartsWith_cdaa_nameEndWith":"_prefix__blpaishalfvcabfvhpfiuortkhdoabfjpkjhaswasqfxljaeqtesoqmgacxgoplfo__suffix_","nameStartsWith_adcc_nameEndWith":-3788732178474732949,"double_name":7.06370037389177},"integer_name":7,"jsonarray":[7,1.524152366954976,"_prefix__demodmlqdsrwevicplhpifvstdlipbfahyljoieqgicuqblepwbbhqpfxlzwxoxcrmj__suffix_",2425440866177474143,3,4.218342637376377,"_prefix__dgsrascdltfjhcgcthef__suffix_",-7030281331090183323,10,5.135277508642292,"_prefix__xhawtgzuwgfwfwqikcigbslfu__suffix_",-1559492370832523179],"nameStartsWith_bb_nameEndWith":"_prefix__kiyglymfzsaukejkahdxebishgdaxqvyfyytsvprdwcwjyghpgthqyigbeiqsldtjoboohccxeex__suffix_","nameStartsWith_ebebc_nameEndWith":-5818132399484353575}
{"jsonobject":{"integer_name":9,"nameStartsWith_a_nameEndWith":"_prefix__ojeoheiebpqmjmharoj__suffix_","nameStartsWith_adcb_nameEndWith":-2557432292102078537,"double_name":5.38953987327484},"integer_name":5,"nameStartsWith_ab_nameEndWith":6534018368610531246,"jsonarray":[1,8.687614933284413,"_prefix__xxctidvzqpeylrbzqpwmubbsbwfkwbcjdqwsvbxubfywqmyeaigy__suffix_",-3101452251798839683,9,0.1618697070064733,"_prefix__mlhcmaaegddha__suffix_",-7715631388589113039,0,6.4498922418503435,"_prefix__bfdtrigcbjoihlbrvhwyxdrwldbobasrgcifwhwqdufraytdefrjeirrbqxuotlvbzfhagbr__suffix_",-877138044632737839],"nameStartsWith_a_nameEndWith":"_prefix__frwddhodgialassvekystfecbchdjkypzdmzopfzvxfychualukyvgticrcidfdbqsxadwdevwypmspzvkui__suffix_","double_name":9.285474399653602}
{"jsonobject":{"integer_name":2,"nameStartsWith_bbcc_nameEndWith":-8210923607601426180},"integer_name":9,"jsonarray":[5,7.793988565239065,"_prefix__tvwofdlkhsfvgbftftyjosdrbmcrafbl__suffix_",-447426462778099954,3,0.2336340894029637,"_prefix__brckiaalkxodfjicjjamtahfophxwplvvtggahewfaacwcdrxdaytbarqs__suffix_",-6909287175698409006,2,6.928574513556256,"_prefix__qetvsvrgvuthczdopokwjifxaxgjwoxsszhekiolvhocbvgx__suffix_",3020378303020457367],"nameStartsWith_acc_nameEndWith":7386620792058759300,"double_name":7.869929916279631}
{"jsonobject":{"integer_name":7,"nameStartsWith_bacde_nameEndWith":-8539824760086882539,"double_name":2.334091657339286},"integer_name":3,"jsonarray":[1,9.548608176582634,"_prefix__zmmxetcubpbtmdptbaabrhrioqattsyehxsediajatjqqbfvhzluiaeysasvcxeqthvogbqfbrawi__suffix_",-3883689326553953283,6,0.37384280464153274,"_prefix__tageirjdtjbxdhvulshwswibllemqlphcrobjzqmbexujykhuisypsiowizueoviamyjmrlmqt__suffix_",-1791065593519921320,3,8.528193790844815,"_prefix__mksecgxrzwrvjyrjbwrspdpyaaxugxvrilazumrpabrletfspl__suffix_",-2733698802079024200],"nameStartsWith_a_nameEndWith":"_prefix__cyplltkodkypfruholvetllxxfxsgjqueteupcm__suffix_","double_name":7.826981952336402,"nameStartsWith_cdeafe_nameEndWith":7581855994072934284}
{"jsonobject":{"integer_name":1,"nameStartsWith_addcc_nameEndWith":-5077836798229078849,"nameStartsWith_aebaeaa_nameEndWith":"_prefix__ptlcurepecxdchohykyarsgkahffxfqstrojqdqrbqipmsjqsdudjloskapsqjhprcexop__suffix_","double_name":2.3020620281401074},"integer_name":6,"jsonarray":[2,2.827004356986255,"_prefix__dtjrdmasdwoxpdmwhvafpjmhwyqyrralc__suffix_",7322845180557314384,6,1.0936982889093336,"_prefix__gcecbcgb__suffix_",6177093971059484090,5,5.22743746626442,"_prefix__kjmlqxagbryfvgyglqxftjwegjqitgycejel__suffix_",3996180966437477073],"nameStartsWith_bba_nameEndWith":5675714151321906705,"nameStartsWith_feebae_nameEndWith":"_prefix__ollmdipdigfmhopb__suffix_"}
